,location,beds,price,baths,half_baths
0,East,7,465.0,1,0
1,East,1,415.0,1,0
2,Null,4,400.0,1,0
3,North,1,400.0,1,0
4,East,1,400.0,1,0
5,East,5,200.0,1,0
6,Null,1,500.0,1,0
7,Null,1,440.0,1,1
8,North,1,805.0,1,0
9,East,5,420.0,1,0
10,North,6,425.0,1,0
11,East,3,515.0,1,0
12,East,4,592.5,1,0
13,Null,5,550.0,1,0
14,East,5,550.0,1,0
15,East,2,675.0,1,0
16,East,2,675.0,1,0
17,East,2,675.0,1,0
18,East,2,675.0,1,0
19,East,2,675.0,1,0
20,Null,4,625.0,1,0
21,Null,4,625.0,1,0
22,East,2,675.0,1,0
23,East,4,625.0,1,0
24,Null,1,450.0,1,2
25,East,1,450.0,1,0
26,West,3,450.0,1,0
27,West,3,450.0,1,0
28,West,3,450.0,1,0
29,West,3,450.0,1,0
30,North,3,494.0,1,0
31,North,3,494.0,1,0
32,West,7,480.0,1,0
33,West,6,367.5,1,0
34,Null,1,510.0,1,0
35,West,1,575.0,1,0
36,Null,3,550.0,1,0
37,East,1,250.0,1,1
38,Null,4,250.0,1,0
39,North,1,500.0,1,0
40,West,1,515.0,1,0
41,Null,2,273.75,1,0
42,West,1,525.0,1,0
43,East,1,525.0,1,1
44,Null,5,590.0,1,0
45,Null,5,590.0,1,0
46,East,1,550.0,1,0
47,Null,1,575.0,1,1
48,North,1,550.0,1,0
49,West,1,560.0,1,0
50,East,8,575.0,1,1
51,Null,1,585.0,1,0
52,East,1,590.0,1,0
53,East,1,590.0,1,0
54,West,1,594.0,1,0
55,East,1,595.0,1,0
56,Null,1,622.5,1,0
57,Null,1,622.5,1,0
58,North,6,596.0,1,0
59,North,1,600.0,1,0
60,West,1,600.0,1,0
61,West,1,600.0,1,0
62,North,1,600.0,1,0
63,West,1,600.0,1,0
64,Null,1,600.0,1,0
65,Null,1,605.0,1,0
66,Null,1,605.0,1,0
67,Null,1,605.0,1,0
68,Null,1,605.0,1,0
69,Null,1,550.0,1,0
70,Null,1,610.0,1,0
71,East,1,610.0,1,0
72,East,1,610.0,1,0
73,East,1,610.0,1,0
74,Null,1,613.0,1,0
75,East,1,625.0,1,0
76,Null,1,615.0,1,0
77,East,1,620.0,1,0
78,East,1,620.0,1,0
79,Null,1,620.0,1,0
80,Null,1,620.0,1,0
81,West,4,562.5,1,1
82,Null,1,625.0,1,0
83,Null,4,625.0,1,0
84,East,1,625.0,1,0
85,East,1,625.0,1,0
86,East,1,625.0,1,0
87,East,1,625.0,1,0
88,East,1,625.0,1,0
89,Null,1,625.0,1,0
90,Null,1,625.0,1,0
91,Null,1,625.0,1,0
92,Null,1,625.0,1,0
93,Null,1,675.0,1,0
94,Null,1,660.0,1,0
95,Null,1,660.0,1,0
96,Null,1,660.0,1,0
97,Null,1,660.0,1,0
98,Null,1,660.0,1,0
99,Null,1,660.0,1,0
100,Null,1,660.0,1,0
101,Null,1,660.0,1,0
102,Null,1,660.0,1,0
103,West,1,630.0,1,0
104,Null,1,630.0,1,0
105,East,1,640.0,1,0
106,Null,1,640.0,1,0
107,West,1,640.0,1,0
108,East,1,640.0,1,0
109,West,1,645.0,1,0
110,West,1,645.0,1,0
111,West,1,650.0,1,0
112,East,1,650.0,1,0
113,West,4,625.0,1,0
114,West,4,625.0,1,0
115,Null,1,650.0,1,0
116,West,1,650.0,1,0
117,Null,1,672.5,1,0
118,Null,1,672.5,1,0
119,Null,1,672.5,1,0
120,West,1,672.5,1,0
121,West,1,672.5,1,0
122,West,1,672.5,1,0
123,West,1,662.5,1,0
124,West,1,672.5,1,0
125,Null,1,672.5,1,0
126,Null,1,672.5,1,0
127,Null,1,672.5,1,0
128,Null,1,672.5,1,0
129,East,1,655.0,1,0
130,East,4,655.0,1,1
131,East,1,655.0,1,0
132,East,1,775.0,1,0
133,West,1,660.0,1,0
134,Null,1,660.0,1,0
135,East,1,665.0,1,0
136,West,1,670.0,1,0
137,West,1,670.0,1,0
138,West,1,670.0,1,0
139,West,1,670.0,1,0
140,West,1,670.0,1,0
141,Null,1,670.0,1,0
142,West,1,670.0,1,0
143,West,1,670.0,1,0
144,West,1,670.0,1,0
145,West,1,670.0,1,0
146,Null,4,675.0,1,0
147,Null,0,675.0,1,0
148,Null,1,685.0,1,0
149,Null,1,680.0,1,0
150,Null,1,680.0,1,0
151,West,1,680.0,1,0
152,West,1,680.0,1,0
153,West,1,680.0,1,0
154,West,1,685.0,1,0
155,West,1,685.0,1,0
156,East,1,685.0,1,0
157,East,1,685.0,1,0
158,West,1,685.0,1,0
159,Null,0,692.5,1,0
160,East,1,690.0,1,0
161,Null,0,697.5,1,0
162,East,1,695.0,1,0
163,Null,1,695.0,1,0
164,East,1,695.0,1,0
165,East,1,695.0,1,0
166,East,1,695.0,1,0
167,North,1,695.0,1,0
168,West,1,695.0,1,0
169,West,1,695.0,1,0
170,West,1,695.0,1,0
171,West,1,695.0,1,0
172,West,1,695.0,1,0
173,West,1,695.0,1,0
174,West,1,695.0,1,0
175,West,1,695.0,1,0
176,West,1,695.0,1,0
177,West,1,695.0,1,0
178,West,1,695.0,1,0
179,West,1,695.0,1,0
180,West,1,695.0,1,0
181,West,1,695.0,1,0
182,North,1,695.0,1,0
183,North,1,695.0,1,0
184,West,1,695.0,1,0
185,Null,1,707.5,1,0
186,West,1,707.5,1,0
187,Null,1,699.0,1,0
188,East,1,700.0,1,0
189,East,1,700.0,1,0
190,East,2,400.0,1,0
191,Null,2,450.0,1,0
192,Null,1,700.0,1,0
193,Null,1,793.5,1,0
194,Null,1,700.0,1,0
195,East,1,700.0,1,0
196,Null,1,700.0,1,0
197,Null,1,700.0,1,0
198,Null,1,980.9,1,0
199,East,1,700.0,1,0
200,East,1,700.0,1,0
201,East,1,705.0,1,0
202,East,1,705.0,1,0
203,East,1,705.0,1,0
204,East,1,705.0,1,0
205,East,1,705.0,1,0
206,East,1,705.0,1,0
207,East,1,710.0,1,0
208,West,3,722.5,1,0
209,East,1,710.0,1,0
210,North,1,720.0,1,0
211,Null,1,720.0,1,0
212,North,1,720.0,1,0
213,East,1,720.0,1,0
214,East,1,720.0,1,0
215,North,1,720.0,1,0
216,East,1,725.0,1,0
217,Null,1,725.0,1,0
218,North,1,725.0,1,0
219,Null,1,725.0,1,0
220,East,1,725.0,1,0
221,East,1,725.0,1,0
222,East,1,725.0,1,0
223,East,1,725.0,1,0
224,Null,1,725.0,1,0
225,East,1,725.0,1,0
226,East,1,725.0,1,0
227,East,1,725.0,1,0
228,East,1,725.0,1,0
229,East,1,725.0,1,0
230,East,1,725.0,1,0
231,East,1,725.0,1,0
232,East,2,725.0,1,0
233,East,2,725.0,1,0
234,West,1,775.0,1,0
235,Null,1,725.0,1,0
236,East,1,725.0,1,0
237,Null,1,729.0,1,0
238,East,2,740.0,1,0
239,East,2,740.0,1,0
240,East,2,740.0,1,0
241,East,2,740.0,1,0
242,East,2,740.0,1,0
243,East,2,740.0,1,0
244,East,2,740.0,1,0
245,East,2,740.0,1,0
246,East,2,740.0,1,0
247,East,2,740.0,1,0
248,East,2,740.0,1,0
249,East,2,740.0,1,0
250,East,2,740.0,1,0
251,East,2,740.0,1,0
252,East,2,740.0,1,0
253,East,2,740.0,1,0
254,East,2,745.0,1,0
255,East,2,745.0,1,0
256,East,2,745.0,1,0
257,East,2,745.0,1,0
258,Null,0,762.5,1,0
259,Null,1,747.0,1,0
260,East,1,750.0,1,0
261,Null,1,750.0,1,0
262,Null,1,750.0,1,0
263,Null,1,750.0,1,0
264,Null,1,750.0,1,0
265,Null,2,750.0,1,0
266,Null,2,750.0,1,0
267,Null,2,750.0,1,0
268,Null,2,750.0,1,0
269,Null,2,750.0,1,0
270,Null,2,750.0,1,0
271,Null,2,750.0,1,0
272,Null,2,750.0,1,0
273,Null,1,750.0,1,0
274,Null,1,750.0,1,0
275,Null,1,750.0,1,0
276,East,1,750.0,1,0
277,North,2,750.0,1,0
278,Null,1,750.0,1,0
279,Null,1,750.0,1,0
280,East,2,750.0,1,0
281,East,2,750.0,1,0
282,East,2,750.0,1,0
283,East,2,750.0,1,0
284,West,1,475.0,1,1
285,Null,1,750.0,1,0
286,West,1,800.0,1,0
287,Null,1,751.0,1,0
288,North,2,765.0,1,0
289,Null,1,781.5,1,0
290,West,1,770.0,1,0
291,Null,2,770.0,1,0
292,East,2,770.0,1,0
293,East,1,775.0,1,0
294,East,2,775.0,1,0
295,Null,1,775.0,1,0
296,East,1,775.0,1,0
297,Null,1,775.0,1,0
298,North,1,775.0,1,0
299,East,1,487.5,1,0
300,East,2,775.0,1,0
301,North,2,775.0,1,0
302,Null,1,780.0,1,0
303,West,1,780.0,1,0
304,West,2,490.0,1,0
305,North,2,790.0,1,0
306,North,1,790.0,1,0
307,North,1,790.0,1,0
308,Null,2,790.0,1,0
309,Null,2,790.0,1,0
310,East,6,795.0,1,1
311,Null,1,795.0,1,0
312,Null,1,795.0,1,0
313,Null,1,795.0,1,0
314,East,2,795.0,1,0
315,East,1,795.0,1,0
316,East,1,795.0,1,0
317,East,2,447.5,1,0
318,East,2,447.5,1,0
319,North,1,795.0,1,0
320,East,2,799.0,1,0
321,West,1,800.0,1,0
322,West,4,500.0,1,0
323,West,4,500.0,1,0
324,West,1,860.0,1,0
325,Null,2,845.0,1,0
326,Null,2,835.0,1,0
327,Null,1,850.0,1,0
328,East,2,897.5,1,0
329,North,1,800.0,1,0
330,Null,2,400.0,1,0
331,North,2,800.0,1,0
332,North,2,800.0,1,0
333,North,2,800.0,1,0
334,North,2,800.0,1,0
335,North,2,800.0,1,0
336,North,2,800.0,1,0
337,North,2,800.0,1,0
338,North,2,800.0,1,0
339,East,2,850.0,1,0
340,North,1,800.0,1,0
341,Null,1,808.9,1,0
342,West,1,810.0,1,0
343,Null,1,810.0,1,0
344,North,1,810.0,1,0
345,West,2,810.0,1,0
346,Null,2,810.0,1,0
347,Null,2,810.0,1,0
348,Null,2,810.0,1,0
349,Null,2,810.0,1,0
350,Null,2,810.0,1,0
351,Null,2,810.0,1,0
352,Null,2,810.0,1,0
353,West,1,815.0,1,0
354,East,1,815.0,1,0
355,East,1,815.0,1,0
356,East,1,815.0,1,0
357,East,1,815.0,1,0
358,East,1,815.0,1,0
359,West,1,815.0,1,0
360,North,1,820.0,1,0
361,North,1,820.0,1,0
362,Null,2,820.0,1,0
363,East,1,820.0,1,0
364,East,1,820.0,1,0
365,East,1,820.0,1,0
366,Null,1,825.0,1,0
367,Null,1,825.0,1,0
368,West,1,825.0,1,0
369,North,1,825.0,1,0
370,North,1,825.0,1,0
371,Null,2,825.0,1,0
372,Null,2,825.0,1,0
373,Null,1,826.0,1,0
374,North,1,830.0,1,0
375,North,1,830.0,1,0
376,North,1,830.0,1,0
377,North,1,830.0,1,0
378,Null,2,835.0,1,0
379,West,2,900.0,1,0
380,West,2,849.0,1,0
381,Null,1,840.0,1,1
382,Null,1,840.0,1,0
383,Null,1,840.0,1,0
384,Null,1,840.0,1,0
385,Null,1,845.0,1,0
386,Null,1,845.0,1,0
387,North,1,845.0,1,0
388,East,1,905.0,1,0
389,Null,2,849.0,1,0
390,East,2,850.0,1,0
391,East,2,850.0,1,0
392,East,2,850.0,1,0
393,North,2,850.0,1,0
394,East,2,850.0,1,0
395,Null,1,850.0,1,0
396,East,2,850.0,1,0
397,West,2,850.0,1,0
398,West,2,850.0,1,0
399,West,2,850.0,1,0
400,West,2,850.0,1,0
401,West,2,850.0,1,0
402,West,2,850.0,1,0
403,West,2,850.0,1,0
404,West,2,850.0,1,0
405,Null,2,850.0,1,0
406,Null,2,850.0,1,0
407,Null,2,850.0,1,0
408,Null,2,850.0,1,0
409,East,1,850.0,1,0
410,East,1,850.0,1,0
411,North,1,900.0,1,0
412,Null,2,850.0,1,0
413,North,2,850.0,1,0
414,North,2,850.0,1,0
415,North,1,850.0,1,0
416,West,1,855.0,1,0
417,East,2,860.0,1,0
418,East,2,860.0,1,0
419,East,2,860.0,1,0
420,East,2,860.0,1,0
421,East,2,860.0,1,0
422,East,2,860.0,1,0
423,East,2,860.0,1,0
424,East,2,860.0,1,0
425,East,2,860.0,1,0
426,East,2,860.0,1,0
427,East,2,860.0,1,0
428,East,2,860.0,1,0
429,East,2,860.0,1,0
430,East,2,860.0,1,0
431,East,2,860.0,1,0
432,East,2,860.0,1,0
433,East,2,860.0,1,0
434,East,2,860.0,1,0
435,East,2,860.0,1,0
436,East,2,860.0,1,0
437,Null,1,860.0,1,0
438,North,1,860.0,1,0
439,North,1,860.0,1,0
440,West,1,860.0,1,0
441,West,1,860.0,1,0
442,West,1,860.0,1,0
443,Null,2,860.0,1,0
444,Null,1,865.0,1,0
445,West,1,865.0,1,0
446,Null,2,880.0,1,0
447,Null,1,914.0,1,0
448,North,1,869.0,1,0
449,Null,1,870.0,1,0
450,Null,2,870.0,1,0
451,Null,2,870.0,1,0
452,Null,2,870.0,1,0
453,East,1,870.0,1,0
454,Null,2,870.0,1,0
455,Null,2,870.0,1,0
456,Null,2,870.0,1,0
457,Null,2,870.0,1,0
458,Null,2,870.0,1,0
459,Null,2,870.0,1,0
460,Null,2,870.0,1,0
461,East,2,870.0,1,0
462,East,2,870.0,1,0
463,East,2,870.0,1,0
464,East,2,870.0,1,0
465,East,2,870.0,1,0
466,East,2,870.0,1,0
467,East,2,870.0,1,0
468,West,1,937.0,1,0
469,West,1,925.0,1,0
470,North,2,875.0,1,1
471,North,2,875.0,1,0
472,North,2,875.0,1,0
473,West,2,462.5,1,0
474,West,2,462.5,1,0
475,Null,2,875.0,1,0
476,Null,2,462.5,1,0
477,Null,2,462.5,1,0
478,West,2,462.5,1,0
479,Null,2,462.5,1,0
480,Null,2,875.0,1,0
481,West,2,462.5,1,0
482,West,2,462.5,1,0
483,Null,1,878.0,1,0
484,Null,2,892.0,1,0
485,East,2,910.0,1,0
486,East,2,880.0,1,0
487,North,1,880.0,1,0
488,North,1,885.0,1,0
489,Null,2,885.0,1,0
490,Null,2,892.5,1,0
491,Null,1,885.0,1,0
492,Null,1,885.9,1,0
493,Null,1,886.0,1,0
494,North,1,890.0,1,0
495,North,1,890.0,1,0
496,North,4,910.0,1,0
497,Null,1,890.0,1,0
498,West,1,890.0,1,0
499,Null,1,896.0,1,0
500,Null,1,898.0,1,0
501,East,1,894.0,1,0
502,East,1,894.0,1,0
503,North,4,907.5,1,0
504,Null,1,895.0,1,0
505,Null,1,895.0,1,0
506,Null,1,895.0,1,0
507,Null,1,895.0,1,0
508,Null,1,895.0,1,0
509,Null,1,895.0,1,0
510,Null,2,574.5,1,0
511,Null,1,899.0,1,0
512,North,2,899.0,1,0
513,East,2,900.0,1,0
514,East,2,900.0,1,0
515,East,2,454.5,1,0
516,East,2,900.0,1,0
517,East,2,900.0,1,0
518,East,2,900.0,1,0
519,East,2,900.0,1,0
520,Null,2,900.0,1,0
521,West,2,900.0,1,0
522,West,1,900.0,1,0
523,East,2,900.0,1,0
524,Null,2,900.0,1,0
525,Null,2,925.0,1,0
526,Null,2,900.0,1,0
527,East,2,900.0,1,0
528,Null,2,900.0,1,0
529,North,2,900.0,1,0
530,North,2,900.0,1,0
531,North,2,900.0,1,0
532,West,1,900.0,1,0
533,West,2,900.0,1,0
534,Null,1,902.9,1,0
535,North,4,917.5,1,0
536,West,0,905.0,1,0
537,North,1,910.0,1,0
538,Null,1,913.0,1,0
539,East,2,920.0,1,0
540,East,2,920.0,1,0
541,East,2,920.0,1,0
542,East,2,920.0,1,0
543,East,2,920.0,1,0
544,East,1,920.0,1,0
545,West,1,920.0,1,0
546,North,1,920.0,1,0
547,Null,1,925.0,1,0
548,East,2,925.0,1,0
549,North,2,925.0,1,0
550,East,2,925.0,1,0
551,East,2,925.0,1,0
552,East,2,925.0,1,0
553,East,2,925.0,1,0
554,East,2,925.0,1,0
555,East,2,925.0,1,0
556,East,2,925.0,1,0
557,East,2,925.0,1,0
558,North,1,935.0,1,0
559,North,1,935.0,1,0
560,Null,2,939.0,1,0
561,East,2,940.0,1,0
562,Null,2,940.0,1,0
563,West,2,945.0,1,0
564,West,2,945.0,1,0
565,West,2,945.0,1,0
566,West,2,945.0,1,0
567,West,2,945.0,1,0
568,West,2,945.0,1,0
569,West,2,945.0,1,0
570,West,2,945.0,1,0
571,West,2,945.0,1,0
572,West,1,945.0,1,0
573,West,1,945.0,1,0
574,West,2,945.0,1,0
575,West,2,945.0,1,0
576,West,2,945.0,1,0
577,West,1,950.0,1,0
578,West,1,950.0,1,0
579,North,2,950.0,1,0
580,East,2,950.0,1,0
581,East,2,950.0,1,0
582,East,2,950.0,1,0
583,East,2,950.0,1,1
584,North,3,962.5,1,0
585,North,2,950.0,1,0
586,West,1,950.0,1,0
587,Null,2,950.0,1,0
588,Null,2,950.0,1,0
589,Null,2,950.0,1,0
590,Null,2,950.0,1,1
591,Null,2,950.0,1,0
592,Null,2,950.0,1,0
593,Null,2,950.0,1,0
594,Null,2,950.0,1,0
595,North,2,950.0,1,0
596,North,2,950.0,1,0
597,North,2,950.0,1,0
598,North,2,950.0,1,0
599,North,3,967.5,1,0
600,East,1,955.0,1,0
601,Null,1,959.0,1,0
602,Null,2,960.0,1,0
603,East,2,960.0,1,0
604,East,2,960.0,1,0
605,East,3,960.0,1,0
606,East,2,960.0,1,0
607,East,2,960.0,1,0
608,East,2,960.0,1,0
609,East,2,960.0,1,0
610,East,2,960.0,1,0
611,East,2,960.0,1,0
612,East,2,960.0,1,0
613,East,2,960.0,1,0
614,East,2,960.0,1,0
615,East,2,960.0,1,0
616,East,2,960.0,1,0
617,East,2,960.0,1,0
618,East,2,560.0,1,0
619,East,2,560.0,1,0
620,Null,1,965.0,1,0
621,East,1,965.0,1,1
622,Null,2,965.0,1,0
623,Null,2,965.0,1,0
624,Null,2,965.0,1,0
625,East,2,965.0,1,0
626,West,1,965.0,1,0
627,Null,1,965.0,1,0
628,Null,2,970.0,1,0
629,Null,2,975.0,1,0
630,Null,1,975.0,1,0
631,Null,2,975.0,1,0
632,Null,2,975.0,1,0
633,West,2,975.0,1,0
634,East,2,975.0,1,0
635,East,2,975.0,1,1
636,West,1,975.0,1,0
637,East,2,975.0,1,0
638,East,2,975.0,1,0
639,East,2,975.0,1,0
640,East,2,975.0,1,0
641,East,2,975.0,1,0
642,North,2,975.0,1,0
643,East,2,975.0,1,0
644,East,2,975.0,1,0
645,East,2,975.0,1,0
646,East,2,975.0,1,0
647,East,2,975.0,1,0
648,East,2,980.0,1,0
649,East,2,980.0,1,0
650,East,2,980.0,1,0
651,Null,2,980.0,1,0
652,East,2,985.0,1,0
653,East,2,990.0,1,0
654,North,2,995.0,1,0
655,West,2,995.0,1,0
656,East,2,995.0,1,0
657,Null,2,995.0,1,0
658,North,1,995.0,1,0
659,East,3,995.0,1,1
660,East,2,545.0,1,0
661,East,2,547.5,1,0
662,East,2,995.0,1,0
663,East,2,995.0,1,0
664,West,2,995.0,1,0
665,Null,2,995.0,1,0
666,West,2,995.0,1,0
667,West,2,995.0,1,0
668,Null,2,995.0,1,0
669,Null,2,995.0,1,0
670,Null,2,995.0,1,0
671,North,2,995.0,1,0
672,West,2,995.0,1,0
673,Null,2,995.0,1,0
674,Null,2,995.0,1,0
675,Null,3,597.0,1,0
676,Null,2,995.0,1,0
677,West,2,595.0,1,0
678,Null,3,519.0,1,0
679,Null,4,999.0,1,0
680,North,2,999.0,1,0
681,Null,3,594.5,1,0
682,East,2,100.0,1,0
683,East,2,0.0,1,0
684,East,2,0.0,1,0
685,East,2,0.0,1,0
686,West,2,0.0,1,0
687,East,2,0.0,1,0
688,East,2,0.0,1,0
689,East,2,0.0,1,0
690,South,5,0.0,1,1
691,Null,2,0.0,1,0
692,East,0,0.0,1,0
693,East,3,0.0,1,0
694,Null,2,0.0,1,0
695,North,2,0.0,1,0
696,West,2,100.0,1,0
697,West,2,100.0,1,0
698,West,2,100.0,1,0
699,West,2,100.0,1,0
700,West,2,100.0,1,0
701,West,2,100.0,1,0
702,West,2,100.0,1,0
703,West,2,100.0,1,0
704,West,2,100.0,1,0
705,Null,2,5.0,1,0
706,North,3,15.0,1,0
707,North,1,10.0,1,0
708,West,2,10.0,1,0
709,Null,2,12.0,1,0
710,Null,1,15.0,1,0
711,East,4,40.0,1,0
712,East,2,20.0,1,0
713,West,2,25.0,1,0
714,Null,2,25.0,1,0
715,Null,2,25.0,1,0
716,North,1,25.0,1,0
717,Null,2,25.0,1,0
718,East,2,30.0,1,0
719,East,2,30.0,1,0
720,East,2,30.0,1,0
721,East,2,30.0,1,0
722,East,2,30.0,1,0
723,East,2,30.0,1,0
724,East,2,30.0,1,0
725,East,1,30.0,1,0
726,East,1,30.0,1,0
727,East,1,30.0,1,0
728,East,1,30.0,1,0
729,Null,1,35.0,1,0
730,East,2,35.0,1,0
731,East,2,35.0,1,0
732,East,2,35.0,1,0
733,West,2,38.0,1,0
734,Null,2,39.0,1,0
735,East,2,40.0,1,0
736,East,3,62.5,1,0
737,West,2,40.0,1,0
738,North,1,40.0,1,1
739,North,1,45.0,1,0
740,Null,2,47.0,1,0
741,Null,2,50.0,1,0
742,East,2,50.0,1,0
743,Null,2,80.0,1,0
744,East,2,50.0,1,0
745,East,2,50.0,1,0
746,North,1,50.0,1,0
747,Null,2,50.0,1,0
748,North,2,50.0,1,0
749,Null,1,50.0,1,0
750,Null,1,55.0,1,0
751,Null,2,60.0,1,0
752,Null,2,60.0,1,0
753,East,2,60.0,1,0
754,East,2,60.0,1,0
755,East,2,60.0,1,0
756,East,2,60.0,1,0
757,East,2,60.0,1,0
758,East,2,60.0,1,0
759,West,2,160.0,1,0
760,West,0,65.0,1,0
761,West,2,65.0,1,0
762,West,2,65.0,1,0
763,West,2,65.0,1,0
764,West,2,65.0,1,0
765,West,2,65.0,1,0
766,West,2,65.0,1,0
767,West,2,65.0,1,0
768,West,2,65.0,1,0
769,West,2,65.0,1,0
770,West,2,65.0,1,0
771,West,2,65.0,1,0
772,West,2,65.0,1,0
773,West,2,65.0,1,0
774,West,2,65.0,1,0
775,West,2,65.0,1,0
776,West,2,65.0,1,0
777,West,2,65.0,1,0
778,West,2,65.0,1,0
779,West,2,65.0,1,0
780,West,2,825.0,1,0
781,West,2,65.0,1,0
782,West,2,65.0,1,0
783,West,2,65.0,1,0
784,West,2,65.0,1,0
785,West,2,65.0,1,0
786,West,2,65.0,1,0
787,West,2,65.0,1,0
788,West,2,65.0,1,0
789,West,2,65.0,1,0
790,West,2,65.0,1,0
791,West,2,65.0,1,0
792,West,2,65.0,1,0
793,West,2,65.0,1,0
794,West,2,65.0,1,0
795,West,2,65.0,1,0
796,East,2,70.0,1,0
797,East,3,137.5,1,0
798,East,2,75.0,1,0
799,East,2,80.0,1,0
800,East,2,80.0,1,0
801,East,2,80.0,1,0
802,North,1,90.0,1,0
803,Null,2,95.0,1,0
804,Null,3,99.0,1,0
805,Null,3,199.0,1,0
806,West,3,149.0,1,0
807,West,3,147.0,1,0
808,West,3,149.0,1,0
809,East,2,100.0,1,0
810,East,2,100.0,1,0
811,East,2,100.0,1,0
812,Null,2,100.0,1,0
813,East,2,100.0,1,0
814,East,2,100.0,1,0
815,East,2,100.0,1,0
816,East,2,100.0,1,0
817,East,2,100.0,1,0
818,West,2,100.0,1,0
819,Null,2,100.0,1,0
820,East,2,100.0,1,1
821,Null,2,100.0,1,0
822,East,2,100.0,1,0
823,Null,2,100.0,1,0
824,East,2,100.0,1,0
825,West,1,100.0,1,0
826,West,1,100.0,1,0
827,West,1,100.0,1,0
828,Null,2,200.0,1,0
829,Null,2,200.0,1,0
830,Null,2,200.0,1,0
831,Null,2,200.0,1,0
832,West,2,200.0,1,0
833,West,2,200.0,1,0
834,West,2,200.0,1,0
835,West,2,200.0,1,0
836,East,2,110.0,1,0
837,West,2,110.0,1,0
838,West,2,110.0,1,0
839,West,2,110.0,1,0
840,East,2,120.0,1,0
841,East,2,120.0,1,0
842,Null,3,125.0,1,0
843,Null,4,125.0,1,0
844,Null,3,125.0,1,0
845,East,2,125.0,1,0
846,Null,2,315.0,1,0
847,West,2,135.0,1,0
848,West,2,135.0,1,0
849,West,2,135.0,1,0
850,Null,2,240.0,1,0
851,East,2,140.0,1,0
852,Null,2,240.0,1,0
853,Null,2,240.0,1,0
854,Null,2,240.0,1,0
855,Null,2,240.0,1,0
856,West,2,149.0,1,0
857,West,2,150.0,1,0
858,North,2,162.5,1,0
859,North,2,162.5,1,0
860,Null,2,150.0,1,0
861,Null,1,427.5,1,0
862,East,2,155.0,1,0
863,East,2,155.0,1,0
864,East,2,155.0,1,0
865,Null,1,228.5,1,0
866,West,2,260.0,1,0
867,West,2,260.0,1,0
868,West,2,260.0,1,0
869,West,2,260.0,1,0
870,West,2,260.0,1,0
871,West,2,260.0,1,0
872,West,2,260.0,1,0
873,West,2,260.0,1,0
874,West,2,260.0,1,0
875,West,2,260.0,1,0
876,North,2,165.0,1,0
877,East,2,190.0,1,0
878,Null,1,179.0,1,0
879,East,2,180.0,1,0
880,East,2,190.0,1,0
881,East,2,190.0,1,0
882,East,2,180.0,1,0
883,East,2,180.0,1,0
884,East,2,180.0,1,0
885,East,2,185.0,1,1
886,West,2,205.0,1,0
887,Null,2,190.0,1,0
888,West,2,195.0,1,0
889,Null,2,195.0,1,0
890,East,2,195.0,1,0
891,East,2,195.0,1,0
892,West,2,195.0,1,0
893,West,2,200.0,1,0
894,Null,2,200.0,1,0
895,East,2,200.0,1,0
896,Null,2,200.0,1,0
897,Null,2,200.0,1,0
898,Null,2,200.0,1,0
899,West,2,200.0,1,0
900,East,2,215.0,1,0
901,West,1,200.0,1,0
902,East,2,200.0,1,0
903,East,3,200.0,1,0
904,North,3,200.0,1,0
905,West,3,200.0,1,0
906,Null,2,200.0,1,0
907,Null,1,200.0,1,0
908,Null,3,200.0,1,0
909,East,3,200.0,1,0
910,East,3,200.0,1,0
911,North,2,200.0,1,0
912,East,2,200.0,1,0
913,Null,4,200.0,1,2
914,Null,3,200.0,1,0
915,West,2,220.0,1,0
916,East,2,230.0,1,0
917,Null,2,220.0,1,0
918,Null,2,220.0,1,0
919,Null,2,220.0,1,0
920,Null,2,220.0,1,0
921,East,2,232.5,1,0
922,Null,2,225.0,1,1
923,East,2,230.0,1,1
924,East,2,230.0,1,1
925,East,2,230.0,1,1
926,East,2,230.0,1,1
927,East,2,230.0,1,1
928,East,2,230.0,1,1
929,East,2,230.0,1,1
930,East,2,230.0,1,1
931,East,2,230.0,1,1
932,East,2,230.0,1,1
933,East,2,230.0,1,1
934,East,2,230.0,1,1
935,East,2,230.0,1,1
936,East,2,230.0,1,1
937,East,2,230.0,1,1
938,East,2,230.0,1,1
939,East,2,235.0,1,0
940,East,2,235.0,1,0
941,Null,2,240.0,1,1
942,West,2,240.0,1,1
943,West,2,240.0,1,1
944,Null,2,240.0,1,0
945,East,2,240.0,1,0
946,East,2,240.0,1,0
947,East,2,240.0,1,0
948,East,2,240.0,1,0
949,North,3,240.0,1,0
950,North,3,240.0,1,0
951,West,2,250.0,1,0
952,West,2,250.0,1,0
953,East,2,260.0,1,0
954,Null,3,250.0,1,0
955,West,2,250.0,1,0
956,Null,2,250.0,1,0
957,North,2,250.0,1,0
958,West,1,250.0,1,0
959,West,1,250.0,1,0
960,Null,3,250.0,1,0
961,West,1,250.0,1,1
962,West,2,250.0,1,0
963,East,3,250.0,1,0
964,East,3,250.0,1,0
965,Null,3,250.0,1,0
966,East,2,255.0,1,0
967,North,2,265.0,1,0
968,North,2,265.0,1,0
969,North,2,265.0,1,0
970,West,2,265.0,1,0
971,West,2,265.0,1,0
972,West,2,265.0,1,0
973,West,2,265.0,1,0
974,West,3,275.0,1,0
975,North,2,285.0,1,0
976,North,2,285.0,1,0
977,West,1,285.0,1,0
978,West,1,285.0,1,0
979,West,3,290.0,1,0
980,East,2,290.0,1,0
981,East,2,290.0,1,0
982,East,3,295.0,1,0
983,Null,1,832.0,1,0
984,East,2,295.0,1,0
985,East,2,295.0,1,0
986,Null,2,299.0,1,0
987,Null,3,299.0,1,0
988,Null,3,300.0,1,0
989,East,4,300.0,1,0
990,West,3,300.0,1,0
991,East,2,300.0,1,0
992,East,2,300.0,1,0
993,East,2,300.0,1,0
994,North,2,650.0,1,1
995,Null,4,300.0,1,2
996,East,2,310.0,1,0
997,East,2,310.0,1,0
998,Null,3,325.0,1,0
999,Null,2,330.0,1,0
1000,Null,2,330.0,1,0
1001,West,2,335.0,1,0
1002,Null,2,335.0,1,1
1003,Null,2,335.0,1,1
1004,West,1,335.0,1,0
1005,West,1,335.0,1,0
1006,West,1,335.0,1,0
1007,West,1,335.0,1,0
1008,West,1,335.0,1,0
1009,West,1,335.0,1,0
1010,West,1,335.0,1,0
1011,West,1,335.0,1,0
1012,West,1,335.0,1,0
1013,West,1,335.0,1,0
1014,West,1,335.0,1,0
1015,West,1,335.0,1,0
1016,West,1,335.0,1,0
1017,West,1,335.0,1,0
1018,West,1,335.0,1,0
1019,West,1,335.0,1,0
1020,East,3,400.0,1,0
1021,Null,2,350.0,1,0
1022,North,3,350.0,1,0
1023,East,3,350.0,1,0
1024,West,3,350.0,1,1
1025,West,3,350.0,1,1
1026,West,3,350.0,1,1
1027,Null,3,350.0,1,0
1028,North,2,350.0,1,0
1029,North,2,350.0,1,0
1030,North,3,350.0,1,0
1031,North,3,350.0,1,0
1032,North,3,350.0,1,0
1033,North,3,350.0,1,0
1034,North,3,350.0,1,0
1035,North,3,350.0,1,0
1036,East,3,350.0,1,0
1037,North,4,475.0,1,0
1038,North,3,475.0,1,0
1039,West,1,350.0,1,0
1040,East,1,350.0,1,0
1041,West,3,350.0,1,0
1042,Null,4,350.0,1,2
1043,North,2,350.0,1,0
1044,West,1,375.0,1,0
1045,North,2,355.0,1,0
1046,North,2,355.0,1,0
1047,West,2,355.0,1,1
1048,West,2,365.0,1,0
1049,East,3,380.0,1,0
1050,North,4,380.0,1,0
1051,North,3,380.0,1,0
1052,West,2,380.0,1,0
1053,Null,3,380.0,1,0
1054,West,1,385.0,1,0
1055,West,1,385.0,1,0
1056,West,1,385.0,1,0
1057,West,1,385.0,1,0
1058,West,1,385.0,1,0
1059,West,1,385.0,1,0
1060,West,1,385.0,1,0
1061,West,1,385.0,1,0
1062,West,1,385.0,1,0
1063,West,1,385.0,1,0
1064,West,1,385.0,1,0
1065,West,1,385.0,1,0
1066,West,1,385.0,1,0
1067,West,1,385.0,1,0
1068,East,3,395.0,1,0
1069,Null,3,395.0,1,0
1070,East,2,395.0,1,0
1071,East,3,395.0,1,0
1072,Null,3,395.0,1,0
1073,West,3,399.0,1,1
1074,West,3,400.0,1,0
1075,East,3,400.0,1,0
1076,North,2,500.0,1,0
1077,North,4,400.0,1,0
1078,Null,3,400.0,1,0
1079,Null,3,400.0,1,0
1080,Null,3,400.0,1,0
1081,West,4,400.0,1,0
1082,North,2,400.0,1,0
1083,Null,3,400.0,1,0
1084,Null,4,400.0,1,2
1085,West,3,405.0,1,0
1086,East,3,425.0,1,0
1087,West,3,440.0,1,0
1088,Null,2,425.0,1,0
1089,West,3,425.0,1,0
1090,Null,3,425.0,1,0
1091,North,3,475.0,1,0
1092,North,2,425.0,1,0
1093,South,1,425.0,1,1
1094,East,3,430.0,1,0
1095,Null,4,440.0,1,0
1096,Null,4,440.0,1,0
1097,Null,4,440.0,1,0
1098,Null,4,440.0,1,0
1099,Null,4,440.0,1,0
1100,Null,4,440.0,1,0
1101,Null,4,440.0,1,0
1102,Null,4,440.0,1,0
1103,West,4,440.0,1,0
1104,West,4,440.0,1,0
1105,West,4,440.0,1,0
1106,West,4,440.0,1,0
1107,West,4,440.0,1,0
1108,West,4,440.0,1,0
1109,West,4,440.0,1,0
1110,West,4,440.0,1,0
1111,Null,4,440.0,1,0
1112,Null,4,440.0,1,0
1113,Null,4,440.0,1,0
1114,Null,4,440.0,1,0
1115,Null,4,440.0,1,0
1116,Null,4,440.0,1,0
1117,West,4,440.0,1,0
1118,West,4,440.0,1,0
1119,West,4,440.0,1,0
1120,West,4,440.0,1,0
1121,West,4,440.0,1,0
1122,West,4,440.0,1,0
1123,West,4,440.0,1,0
1124,West,4,440.0,1,0
1125,West,4,440.0,1,0
1126,West,4,440.0,1,0
1127,West,4,440.0,1,0
1128,West,4,440.0,1,0
1129,West,4,440.0,1,0
1130,West,4,440.0,1,0
1131,West,4,440.0,1,0
1132,West,4,440.0,1,0
1133,West,4,440.0,1,0
1134,East,3,450.0,1,0
1135,East,3,450.0,1,0
1136,East,3,450.0,1,0
1137,East,3,450.0,1,0
1138,East,3,450.0,1,0
1139,East,3,475.0,1,0
1140,West,3,450.0,1,0
1141,West,3,450.0,1,0
1142,Null,3,500.0,1,0
1143,North,2,450.0,1,0
1144,North,2,450.0,1,0
1145,East,2,450.0,1,1
1146,North,3,450.0,1,0
1147,North,3,450.0,1,0
1148,East,3,455.0,1,1
1149,East,3,455.0,1,1
1150,Null,3,455.0,1,0
1151,East,3,470.0,1,0
1152,East,3,620.0,1,0
1153,Null,3,475.0,1,0
1154,Null,3,475.0,1,0
1155,North,3,437.5,1,0
1156,North,3,437.5,1,0
1157,West,2,475.0,1,0
1158,West,2,475.0,1,0
1159,Null,2,480.0,1,1
1160,North,2,480.0,1,1
1161,North,2,480.0,1,1
1162,North,2,480.0,1,1
1163,West,3,485.0,1,0
1164,West,3,485.0,1,0
1165,Null,3,445.0,1,1
1166,Null,3,495.0,1,0
1167,Null,3,495.0,1,0
1168,Null,3,495.0,1,0
1169,Null,3,495.0,1,0
1170,Null,3,495.0,1,0
1171,West,3,495.0,1,0
1172,West,3,495.0,1,0
1173,West,3,495.0,1,0
1174,West,3,495.0,1,0
1175,West,3,495.0,1,0
1176,West,3,495.0,1,0
1177,West,3,495.0,1,0
1178,West,3,495.0,1,0
1179,West,3,495.0,1,0
1180,West,3,500.0,1,0
1181,West,3,500.0,1,0
1182,Null,4,500.0,1,2
1183,Null,3,500.0,1,0
1184,Null,3,500.0,1,0
1185,Null,3,500.0,1,0
1186,West,4,500.0,1,0
1187,North,4,500.0,1,0
1188,North,3,500.0,1,0
1189,North,3,500.0,1,0
1190,North,3,500.0,1,0
1191,Null,3,500.0,1,1
1192,Null,3,500.0,1,1
1193,Null,3,500.0,1,0
1194,Null,4,500.0,1,0
1195,West,4,500.0,1,0
1196,Null,3,525.0,1,0
1197,West,3,500.0,1,0
1198,West,4,637.5,1,1
1199,East,3,500.0,1,0
1200,West,4,500.0,1,0
1201,West,4,500.0,1,0
1202,East,4,500.0,1,0
1203,Null,4,500.0,1,0
1204,Null,4,500.0,1,0
1205,West,4,500.0,1,0
1206,East,4,500.0,1,0
1207,East,4,500.0,1,0
1208,East,4,500.0,1,0
1209,Null,4,500.0,1,0
1210,Null,4,500.0,1,0
1211,North,4,250.0,1,0
1212,Null,3,250.0,1,0
1213,Null,3,500.0,1,0
1214,Null,2,407.0,1,0
1215,West,2,505.0,1,1
1216,West,2,510.0,1,0
1217,West,3,515.0,1,0
1218,West,3,515.0,1,0
1219,Null,3,515.0,1,0
1220,West,3,515.0,1,0
1221,West,3,515.0,1,0
1222,East,3,515.0,1,0
1223,North,3,519.0,1,0
1224,North,1,525.0,1,0
1225,North,3,530.0,1,0
1226,West,3,530.0,1,0
1227,East,2,540.0,1,0
1228,East,2,540.0,1,0
1229,East,1,547.5,1,0
1230,Null,2,540.0,1,0
1231,East,3,545.0,1,0
1232,East,3,545.0,1,0
1233,East,3,545.0,1,0
1234,East,3,505.0,1,0
1235,East,3,545.0,1,0
1236,West,1,700.0,1,0
1237,Null,3,550.0,1,0
1238,North,4,550.0,1,0
1239,Null,3,550.0,1,1
1240,East,3,710.0,1,0
1241,East,3,710.0,1,0
1242,East,3,710.0,1,0
1243,East,3,710.0,1,0
1244,East,3,710.0,1,0
1245,East,3,710.0,1,0
1246,East,3,710.0,1,0
1247,East,3,710.0,1,0
1248,East,3,710.0,1,0
1249,East,3,710.0,1,0
1250,East,3,710.0,1,0
1251,East,2,575.0,1,0
1252,West,3,575.0,1,1
1253,West,4,675.0,1,0
1254,West,3,575.0,1,0
1255,East,3,575.0,1,0
1256,East,3,575.0,1,0
1257,West,3,575.0,1,0
1258,Null,3,575.0,1,0
1259,East,3,575.0,1,0
1260,East,3,575.0,1,0
1261,West,1,575.0,1,0
1262,West,1,575.0,1,0
1263,East,4,580.0,1,0
1264,West,3,580.0,1,0
1265,West,3,580.0,1,0
1266,West,3,580.0,1,0
1267,Null,3,590.0,1,0
1268,East,2,590.0,1,1
1269,East,2,590.0,1,1
1270,East,2,590.0,1,1
1271,East,3,595.0,1,0
1272,East,4,599.0,1,0
1273,Null,4,600.0,1,0
1274,East,4,600.0,1,1
1275,Null,4,600.0,1,0
1276,West,4,600.0,1,0
1277,West,3,600.0,1,0
1278,Null,4,600.0,1,0
1279,East,1,607.5,1,0
1280,Null,4,600.0,1,0
1281,Null,4,700.0,1,1
1282,East,4,600.0,1,0
1283,North,4,600.0,1,0
1284,Null,3,600.0,1,0
1285,Null,4,300.0,1,0
1286,Null,4,600.0,1,0
1287,East,4,600.0,1,1
1288,West,4,300.0,1,0
1289,West,4,300.0,1,0
1290,West,4,300.0,1,0
1291,West,4,300.0,1,0
1292,West,4,300.0,1,0
1293,West,4,300.0,1,0
1294,West,4,300.0,1,0
1295,North,3,750.0,1,0
1296,North,3,750.0,1,0
1297,North,3,750.0,1,0
1298,North,3,750.0,1,0
1299,West,4,300.0,1,0
1300,West,4,300.0,1,0
1301,Null,4,600.0,1,1
1302,Null,2,610.0,1,0
1303,North,2,615.0,1,0
1304,Null,2,620.0,1,1
1305,West,4,620.0,1,0
1306,North,3,620.0,1,0
1307,East,3,620.0,1,0
1308,Null,3,620.0,1,0
1309,East,2,620.0,1,1
1310,East,2,620.0,1,1
1311,East,3,620.0,1,1
1312,West,2,620.0,1,0
1313,West,2,620.0,1,0
1314,Null,2,760.5,1,0
1315,East,5,625.0,1,0
1316,Null,2,437.5,1,0
1317,East,3,630.0,1,0
1318,East,3,630.0,1,0
1319,Null,3,635.0,1,0
1320,Null,3,635.0,1,0
1321,Null,3,635.0,1,0
1322,North,4,640.0,1,0
1323,Null,2,640.0,1,0
1324,West,3,650.0,1,0
1325,West,3,650.0,1,0
1326,West,3,650.0,1,0
1327,West,3,650.0,1,0
1328,East,4,650.0,1,0
1329,Null,3,650.0,1,0
1330,East,3,650.0,1,1
1331,East,3,650.0,1,1
1332,West,4,650.0,1,0
1333,West,3,650.0,1,0
1334,East,4,675.0,1,0
1335,East,4,650.0,1,0
1336,Null,4,650.0,1,1
1337,East,4,650.0,1,0
1338,North,3,660.0,1,0
1339,North,3,660.0,1,0
1340,East,4,680.0,1,0
1341,West,3,680.0,1,0
1342,East,3,680.0,1,0
1343,East,4,680.0,1,0
1344,West,3,680.0,1,1
1345,North,4,690.0,1,0
1346,Null,3,695.0,1,0
1347,Null,3,695.0,1,0
1348,Null,3,695.0,1,0
1349,West,4,700.0,1,0
1350,East,3,700.0,1,0
1351,East,4,700.0,1,0
1352,East,3,360.0,1,0
1353,East,3,360.0,1,0
1354,East,3,360.0,1,0
1355,East,3,360.0,1,0
1356,East,3,360.0,1,0
1357,East,3,360.0,1,0
1358,East,3,715.0,1,0
1359,North,2,720.0,1,0
1360,East,3,725.0,1,0
1361,Null,3,730.0,1,0
1362,East,4,730.0,1,0
1363,West,2,730.0,1,1
1364,West,2,730.0,1,1
1365,East,1,742.5,1,0
1366,East,1,742.5,1,0
1367,East,3,740.0,1,0
1368,East,3,740.0,1,0
1369,Null,3,390.0,1,0
1370,Null,3,390.0,1,0
1371,Null,3,390.0,1,0
1372,Null,3,390.0,1,0
1373,Null,3,390.0,1,0
1374,Null,3,390.0,1,1
1375,Null,3,390.0,1,1
1376,Null,3,390.0,1,1
1377,Null,3,390.0,1,1
1378,Null,3,390.0,1,1
1379,Null,3,390.0,1,1
1380,North,3,749.0,1,0
1381,Null,3,749.0,1,0
1382,Null,4,750.0,1,0
1383,East,5,750.0,1,0
1384,West,4,750.0,1,0
1385,East,5,750.0,1,0
1386,East,4,775.0,1,0
1387,North,4,750.0,1,0
1388,West,4,750.0,1,0
1389,North,4,750.0,1,1
1390,North,4,750.0,1,1
1391,East,3,755.0,1,0
1392,North,3,760.0,1,0
1393,West,3,770.0,1,0
1394,East,3,770.0,1,0
1395,North,2,775.0,1,0
1396,West,2,775.0,1,0
1397,West,2,775.0,1,0
1398,North,4,780.0,1,1
1399,West,3,780.0,1,0
1400,Null,3,785.0,1,0
1401,Null,3,785.0,1,0
1402,Null,3,785.0,1,0
1403,Null,3,785.0,1,0
1404,Null,3,785.0,1,0
1405,Null,3,785.0,1,0
1406,East,3,795.0,1,0
1407,Null,2,795.0,1,0
1408,East,4,795.0,1,0
1409,East,4,800.0,1,0
1410,East,4,800.0,1,0
1411,Null,3,800.0,1,0
1412,East,4,800.0,1,0
1413,East,4,800.0,1,0
1414,West,3,800.0,1,0
1415,Null,4,800.0,1,0
1416,Null,4,800.0,1,0
1417,Null,3,800.0,1,1
1418,North,3,800.0,1,0
1419,Null,4,800.0,1,1
1420,East,4,800.0,1,0
1421,Null,3,450.0,1,0
1422,Null,3,450.0,1,0
1423,Null,3,450.0,1,0
1424,Null,3,450.0,1,0
1425,Null,3,450.0,1,0
1426,Null,3,450.0,1,0
1427,East,4,500.0,1,0
1428,West,4,805.0,1,0
1429,West,4,805.0,1,0
1430,West,4,805.0,1,0
1431,East,3,820.0,1,0
1432,East,4,840.0,1,0
1433,West,4,840.0,1,0
1434,West,4,840.0,1,0
1435,East,3,845.0,1,0
1436,East,5,850.0,1,0
1437,West,4,850.0,1,0
1438,West,4,850.0,1,0
1439,Null,3,850.0,1,0
1440,Null,3,850.0,1,0
1441,West,2,850.0,1,0
1442,West,2,850.0,1,0
1443,West,2,855.0,1,0
1444,West,2,855.0,1,0
1445,West,2,860.0,1,0
1446,West,2,865.0,1,0
1447,West,2,865.0,1,0
1448,East,3,875.0,1,0
1449,West,5,875.0,1,0
1450,East,3,875.0,1,0
1451,Null,4,880.0,1,0
1452,North,4,880.0,1,0
1453,Null,4,880.0,1,0
1454,East,3,895.0,1,0
1455,East,3,895.0,1,0
1456,West,2,895.0,1,0
1457,East,4,895.0,1,0
1458,East,4,895.0,1,0
1459,East,4,900.0,1,1
1460,East,4,900.0,1,0
1461,West,4,900.0,1,0
1462,Null,2,900.0,1,0
1463,Null,4,900.0,1,0
1464,East,4,900.0,1,0
1465,North,3,910.0,1,0
1466,West,2,910.0,1,0
1467,North,3,915.0,1,1
1468,West,4,620.0,1,0
1469,West,4,620.0,1,0
1470,West,4,620.0,1,0
1471,West,4,620.0,1,0
1472,North,3,930.0,1,0
1473,East,4,940.0,1,0
1474,Null,3,944.0,1,0
1475,East,4,950.0,1,0
1476,West,5,950.0,1,0
1477,East,4,950.0,1,0
1478,North,3,950.0,1,0
1479,North,3,950.0,1,0
1480,West,3,950.0,1,0
1481,Null,5,950.0,1,0
1482,West,4,950.0,1,0
1483,West,4,950.0,1,0
1484,East,5,950.0,1,1
1485,West,2,950.0,1,0
1486,West,2,950.0,1,0
1487,West,2,950.0,1,0
1488,West,2,950.0,1,0
1489,Null,5,950.0,1,0
1490,Null,4,955.0,1,0
1491,East,3,965.0,1,0
1492,East,3,975.0,1,0
1493,East,3,975.0,1,0
1494,West,4,980.0,1,0
1495,East,3,980.0,1,0
1496,East,4,995.0,1,0
1497,East,3,995.0,1,0
1498,Null,3,995.0,1,0
1499,North,4,995.0,1,0
1500,North,4,995.0,1,0
1501,North,3,995.0,1,0
1502,West,4,507.0,1,0
1503,Null,4,0.0,1,0
1504,North,5,0.0,1,0
1505,West,4,0.0,1,1
1506,West,4,0.0,1,1
1507,East,4,0.0,1,0
1508,West,4,7.5,1,0
1509,East,5,0.0,1,0
1510,North,4,50.0,1,0
1511,Null,4,0.0,1,0
1512,East,4,0.0,1,1
1513,West,4,0.0,1,0
1514,West,2,0.0,1,1
1515,North,3,150.0,1,1
1516,Null,4,100.0,1,0
1517,North,5,0.0,1,0
1518,East,5,0.0,1,0
1519,Null,5,125.0,1,0
1520,West,4,0.0,1,0
1521,Null,5,0.0,1,0
1522,Null,5,0.0,1,0
1523,Null,5,0.0,1,0
1524,Null,5,0.0,1,0
1525,East,4,0.0,1,0
1526,East,4,0.0,1,0
1527,East,5,0.0,1,0
1528,West,4,200.0,1,0
1529,West,4,200.0,1,0
1530,West,4,200.0,1,0
1531,West,4,200.0,1,0
1532,East,5,250.0,1,0
1533,North,3,20.0,1,0
1534,North,3,20.0,1,0
1535,North,5,25.0,1,0
1536,West,3,25.0,1,0
1537,Null,4,30.0,1,0
1538,Null,4,40.0,1,0
1539,East,3,40.0,1,0
1540,Null,4,40.0,1,0
1541,East,4,40.0,1,1
1542,Null,4,240.0,1,1
1543,East,4,50.0,1,0
1544,East,3,55.0,1,0
1545,East,4,60.0,1,1
1546,Null,4,70.0,1,0
1547,Null,3,70.0,1,0
1548,West,4,80.0,1,0
1549,West,4,80.0,1,0
1550,West,4,80.0,1,0
1551,West,4,80.0,1,0
1552,West,4,80.0,1,0
1553,West,4,80.0,1,0
1554,North,4,80.0,1,1
1555,West,3,85.0,1,0
1556,Null,3,85.0,1,1
1557,Null,4,100.0,1,1
1558,Null,4,100.0,1,1
1559,Null,4,100.0,1,0
1560,West,4,100.0,1,0
1561,West,3,100.0,1,0
1562,Null,4,100.0,1,0
1563,Null,4,100.0,1,0
1564,West,4,100.0,1,0
1565,East,5,100.0,1,0
1566,West,4,100.0,1,0
1567,West,4,100.0,1,0
1568,Null,4,100.0,1,0
1569,North,4,100.0,1,1
1570,Null,3,100.0,1,1
1571,Null,4,100.0,1,0
1572,Null,3,100.0,1,0
1573,East,4,100.0,1,0
1574,East,5,100.0,1,0
1575,Null,3,100.0,1,0
1576,Null,3,250.0,1,0
1577,East,3,250.0,1,1
1578,North,4,120.0,1,1
1579,Null,4,320.0,1,0
1580,North,5,175.0,1,0
1581,Null,5,125.0,1,0
1582,Null,5,125.0,1,0
1583,East,4,135.0,1,0
1584,East,3,135.0,1,0
1585,East,4,135.0,1,0
1586,West,4,140.0,1,0
1587,Null,5,140.0,1,0
1588,West,5,140.0,1,0
1589,West,5,140.0,1,1
1590,Null,3,145.0,1,0
1591,Null,5,150.0,1,0
1592,East,3,155.0,1,0
1593,East,4,160.0,1,0
1594,East,4,160.0,1,0
1595,East,4,360.0,1,0
1596,East,4,360.0,1,0
1597,East,4,360.0,1,0
1598,West,3,175.0,1,0
1599,Null,4,180.0,1,0
1600,East,3,180.0,1,0
1601,West,2,305.0,1,0
1602,North,5,250.0,1,1
1603,Null,4,200.0,1,0
1604,East,4,200.0,1,0
1605,West,4,200.0,1,0
1606,East,4,200.0,1,0
1607,East,4,200.0,1,0
1608,West,4,200.0,1,0
1609,Null,4,200.0,1,0
1610,North,3,350.0,1,0
1611,West,3,205.0,1,0
1612,East,4,210.0,1,1
1613,Null,3,220.0,1,1
1614,East,3,220.0,1,0
1615,East,3,230.0,1,0
1616,North,4,240.0,1,0
1617,East,5,250.0,1,0
1618,Null,5,250.0,1,0
1619,North,4,250.0,1,1
1620,Null,5,250.0,1,0
1621,West,5,250.0,1,0
1622,West,5,250.0,1,0
1623,West,5,250.0,1,1
1624,East,5,250.0,1,1
1625,Null,6,322.5,1,1
1626,West,4,250.0,1,0
1627,East,6,250.0,1,0
1628,Null,5,250.0,1,0
1629,East,6,250.0,1,1
1630,East,4,260.0,1,0
1631,East,4,260.0,1,0
1632,East,4,260.0,1,0
1633,East,4,270.0,1,1
1634,East,3,270.0,1,0
1635,West,3,275.0,1,0
1636,East,4,280.0,1,0
1637,East,4,280.0,1,0
1638,West,4,280.0,1,0
1639,East,4,280.0,1,0
1640,East,5,295.0,1,0
1641,East,3,295.0,1,0
1642,Null,5,295.0,1,0
1643,Null,4,297.0,1,0
1644,East,4,300.0,1,1
1645,East,4,300.0,1,1
1646,North,4,300.0,1,0
1647,East,4,300.0,1,1
1648,East,4,300.0,1,0
1649,West,4,300.0,1,0
1650,West,4,300.0,1,0
1651,East,4,300.0,1,1
1652,East,5,300.0,1,0
1653,East,5,350.0,1,1
1654,North,5,300.0,1,0
1655,North,5,300.0,1,0
1656,East,4,300.0,1,0
1657,East,4,300.0,1,1
1658,East,4,305.0,1,0
1659,East,4,305.0,1,0
1660,East,4,310.0,1,0
1661,East,5,315.0,1,0
1662,East,4,320.0,1,0
1663,Null,4,320.0,1,0
1664,West,4,520.0,1,1
1665,Null,4,520.0,1,0
1666,Null,4,520.0,1,0
1667,Null,4,520.0,1,0
1668,Null,4,330.0,1,0
1669,East,4,340.0,1,1
1670,East,5,350.0,1,0
1671,Null,4,352.0,1,0
1672,East,4,360.0,1,0
1673,West,4,560.0,1,0
1674,West,4,560.0,1,0
1675,East,4,395.0,1,1
1676,East,4,395.0,1,1
1677,North,5,600.0,1,0
1678,East,4,400.0,1,2
1679,East,4,400.0,1,0
1680,Null,5,400.0,1,1
1681,West,6,400.0,1,0
1682,West,4,400.0,1,0
1683,West,4,500.0,1,1
1684,East,5,400.0,1,0
1685,East,5,400.0,1,0
1686,East,5,400.0,1,0
1687,Null,4,400.0,1,1
1688,West,4,400.0,1,1
1689,Null,5,400.0,1,0
1690,West,4,450.0,1,0
1691,West,4,400.0,1,0
1692,Null,5,400.0,1,0
1693,East,5,650.0,1,1
1694,North,3,440.0,1,1
1695,North,3,440.0,1,1
1696,East,5,450.0,1,0
1697,East,5,700.0,1,0
1698,West,5,465.0,1,0
1699,East,5,475.0,1,0
1700,North,4,475.0,1,0
1701,West,4,480.0,1,0
1702,Null,4,485.0,1,0
1703,Null,5,500.0,1,1
1704,West,5,500.0,1,0
1705,West,5,500.0,1,0
1706,East,5,500.0,1,0
1707,East,5,500.0,1,0
1708,East,5,500.0,1,0
1709,East,4,500.0,1,0
1710,North,5,500.0,1,0
1711,Null,6,500.0,1,0
1712,Null,6,500.0,1,1
1713,Null,4,500.0,1,0
1714,North,4,500.0,1,1
1715,Null,6,550.0,1,1
1716,East,4,530.0,1,0
1717,East,6,600.0,1,0
1718,West,5,550.0,1,0
1719,West,5,550.0,1,0
1720,West,5,550.0,1,0
1721,West,4,550.0,1,0
1722,West,4,550.0,1,0
1723,West,4,550.0,1,0
1724,West,4,550.0,1,0
1725,West,4,550.0,1,0
1726,Null,5,575.0,1,0
1727,Null,5,575.0,1,0
1728,West,4,575.0,1,0
1729,Null,4,580.0,1,1
1730,East,4,595.0,1,0
1731,East,4,595.0,1,0
1732,East,5,600.0,1,0
1733,Null,4,600.0,1,0
1734,East,5,600.0,1,0
1735,West,4,600.0,1,0
1736,East,5,600.0,1,0
1737,East,4,600.0,1,1
1738,West,4,600.0,1,1
1739,East,4,300.0,1,0
1740,Null,5,615.0,1,0
1741,East,5,625.0,1,0
1742,East,5,625.0,1,0
1743,West,5,625.0,1,0
1744,East,4,625.0,1,0
1745,Null,4,625.0,1,0
1746,North,6,740.0,1,0
1747,North,6,740.0,1,0
1748,North,6,740.0,1,0
1749,East,4,650.0,1,0
1750,East,5,650.0,1,0
1751,North,4,650.0,1,0
1752,East,5,400.0,1,0
1753,East,5,400.0,1,0
1754,East,4,675.0,1,1
1755,East,6,700.0,1,0
1756,Null,5,700.0,1,0
1757,Null,4,700.0,1,0
1758,North,6,700.0,1,0
1759,East,4,700.0,1,1
1760,East,7,700.0,1,0
1761,East,5,715.0,1,0
1762,East,5,715.0,1,0
1763,East,5,715.0,1,0
1764,East,5,745.0,1,0
1765,West,5,750.0,1,0
1766,Null,5,750.0,1,0
1767,West,5,755.0,1,0
1768,East,5,775.0,1,0
1769,East,5,780.0,1,0
1770,West,2,785.0,1,0
1771,North,7,795.0,1,0
1772,East,5,795.0,1,0
1773,Null,5,795.0,1,0
1774,East,4,795.0,1,0
1775,North,5,800.0,1,1
1776,North,3,400.0,1,1
1777,North,4,800.0,1,0
1778,East,5,550.0,1,1
1779,North,5,550.0,1,0
1780,East,4,830.0,1,0
1781,Null,5,850.0,1,0
1782,East,5,600.0,1,0
1783,East,5,860.0,1,0
1784,Null,5,865.0,1,0
1785,East,5,865.0,1,0
1786,Null,7,875.0,1,0
1787,East,5,875.0,1,0
1788,North,7,875.0,1,0
1789,West,5,875.0,1,1
1790,West,4,880.0,1,0
1791,Null,6,680.0,1,0
1792,Null,6,680.0,1,0
1793,East,5,900.0,1,0
1794,East,6,450.0,1,0
1795,West,7,900.0,1,1
1796,North,5,500.0,1,1
1797,West,3,930.0,1,0
1798,North,5,925.0,1,0
1799,North,5,925.0,1,0
1800,East,5,940.0,1,1
1801,East,4,950.0,1,0
1802,West,5,950.0,1,1
1803,East,5,960.0,1,0
1804,East,5,975.0,1,0
1805,Null,4,725.0,1,0
1806,Null,5,980.0,1,0
1807,East,4,985.0,1,1
1808,East,4,985.0,1,1
1809,East,4,985.0,1,1
1810,East,4,985.0,1,1
1811,East,4,985.0,1,1
1812,North,6,0.0,1,0
1813,Null,5,0.0,1,1
1814,North,7,0.0,1,0
1815,East,5,25.0,1,0
1816,East,6,35.0,1,0
1817,East,5,65.0,1,0
1818,East,5,65.0,1,0
1819,East,5,65.0,1,0
1820,North,7,75.0,1,0
1821,West,5,80.0,1,0
1822,North,5,80.0,1,1
1823,West,5,350.0,1,1
1824,East,5,100.0,1,1
1825,East,5,100.0,1,1
1826,East,5,100.0,1,0
1827,East,5,100.0,1,0
1828,Null,5,350.0,1,0
1829,Null,5,100.0,1,1
1830,Null,5,100.0,1,1
1831,East,5,350.0,1,0
1832,East,5,350.0,1,0
1833,East,5,350.0,1,0
1834,East,5,125.0,1,0
1835,East,5,125.0,1,0
1836,East,5,425.0,1,0
1837,North,7,500.0,1,1
1838,North,7,500.0,1,1
1839,Null,7,500.0,1,0
1840,West,6,180.0,1,0
1841,East,4,180.0,1,1
1842,East,6,480.0,1,0
1843,East,5,205.0,1,1
1844,East,6,540.0,1,0
1845,West,5,250.0,1,0
1846,North,5,462.5,1,0
1847,Null,5,250.0,1,1
1848,East,5,250.0,1,0
1849,Null,5,500.0,1,0
1850,Null,5,275.0,1,1
1851,East,6,600.0,1,0
1852,North,6,600.0,1,0
1853,North,6,600.0,1,0
1854,East,5,325.0,1,0
1855,Null,6,360.0,1,0
1856,East,6,660.0,1,1
1857,East,6,660.0,1,1
1858,West,5,287.5,1,0
1859,West,5,287.5,1,0
1860,East,5,400.0,1,0
1861,East,6,220.0,1,0
1862,West,6,220.0,1,0
1863,Null,6,220.0,1,0
1864,North,6,220.0,1,0
1865,East,5,425.0,1,0
1866,North,5,312.5,1,0
1867,West,5,435.0,1,0
1868,East,6,250.0,1,1
1869,Null,6,600.0,1,0
1870,Null,5,500.0,1,0
1871,Null,5,500.0,1,0
1872,Null,5,500.0,1,0
1873,East,5,250.0,1,0
1874,West,7,500.0,1,0
1875,East,5,700.0,1,0
1876,East,5,700.0,1,1
1877,East,6,340.0,1,0
1878,East,6,565.0,1,0
1879,North,3,570.0,1,0
1880,East,5,590.0,1,0
1881,Null,7,600.0,1,0
1882,East,6,600.0,1,1
1883,Null,6,600.0,1,0
1884,East,5,350.0,1,0
1885,East,6,630.0,1,0
1886,North,6,725.0,1,0
1887,Null,5,780.0,1,0
1888,West,4,820.0,1,0
1889,East,5,845.0,1,1
1890,Null,7,700.0,1,0
1891,East,7,700.0,1,0
1892,Null,7,700.0,1,0
1893,West,8,950.0,1,0
1894,East,5,895.0,1,0
1895,North,6,850.0,1,1
1896,East,6,850.0,1,0
1897,East,6,700.0,1,0
1898,East,7,840.0,1,0
1899,East,7,840.0,1,0
1900,West,5,747.5,1,0
1901,Null,6,995.0,1,1
1902,West,7,350.0,1,0
1903,North,7,410.0,1,1
1904,East,7,410.0,1,0
1905,East,7,115.0,1,1
1906,East,7,550.0,1,1
1907,Null,7,270.0,1,0
1908,East,8,400.0,1,1
1909,East,8,400.0,1,0
1910,East,7,400.0,1,0
1911,East,6,500.0,1,0
1912,North,7,475.0,1,0
1913,East,7,550.0,1,0
1914,East,7,550.0,1,0
1915,East,7,540.0,1,0
1916,East,8,620.0,1,0
1917,East,8,700.0,1,0
1918,East,8,325.0,1,0
1919,East,8,450.0,1,1
1920,East,8,450.0,1,1
1921,East,1,600.0,1,0
1922,East,8,800.0,1,0
1923,East,1,270.0,1,1
1924,East,1,300.0,1,0
1925,Null,3,450.0,1,0
